start	end	text
420	7160	Vážené dámy, vážení pánové, zahajují dnešní 25. řádné zaseň zastupitelstva města Zína,
7300	9080	na kterém vás všechny srdečně vítám.
9820	14580	Vhle prezence je přítomen dostatečný počet členů, aby se zastupitelstvo mohlo usnášet.
15200	19580	O mluvení z dnešního zastupitelstva jsou pan David Vychytil, pan Josef Kocháň,
19660	24360	pan Pavel Sekula, paní Zuzana Fischerová, pan Lubomír Traub, pan Stanislav Skála,
24480	26920	pan Tomáš Dudák a paní Kateřina Pešatová.
27680	31120	Dřívější odchod nahlásil pan Česmír Vančura, pan Jaroslav Juráš,
31200	33900	pan Petr Sáha a pan Ondřej Slováček.
34900	38400	K distanční účastí se nepřilásil žádný z členů zastupitelstva.
38400	44900	K ověření zápisu z dnešního zastupitelstva pak určuji tyto členy zastupitelstva,
45040	48560	a to pana Hinka Stesku a pana Martina Pášmu.
48560	61620	Zápis z 24. zasedání zastupitelstva ze dne 5. února 2026 byl bez připomínek ověřen a podepsán.
62840	68560	Vážení členové zastupitelstva, nyní prosím proveďme volbu návrhové komise.
69080	73820	Do návrhové komise návrhuji tytočné zastupitelstva, to jako předsedu pana Jiřího Jaroše
73820	77920	a jako členky paní Danu Mědělkovou a paní Moniku Špalkovou.
78560	80460	Má někdo k tomuto návrhu připomínky?
82420	85240	Nikdo se nehlásí, takže prosím, pojďme hlasovat.
86600	89120	Složení návrhové komise, tak jak jsem ji přednesl.
99680	106500	Pro 30 návrhová komise byla schválená.
106500	114800	A technická připomínka vzhledem k tomu, že zjednání zastupitelstva města Zdína je pořizován
114800	119220	na audiovizuální záznam, který je online přenášen, žádám všechny diskutující s ohledem
119220	125260	na příslušná zákona o ustanovení o ochranně osobních údajů, aby ve svých projevech neuváděli
125260	131900	po případě minimalizovali používání osobních údajů a pouze případně uvedli odkaz na tento údaj v materiálech.
131900	138560	Jako dalším bodem dnešního zasedání zastupitelstva města Zlína je vystoupení občanů
138560	140480	a tímto předávám slovo panu tajemníkovi.
142200	145060	Děkuji, pane primátore. Dobré ráno, dámy a pánové.
146220	150880	Dle jednocího řádu zastupitelstva města Zlína od stavce 2 článku 7 vystoupení občanů
150880	155240	vzdělují, že máme celkem 3 přihlášky k vodu čísla 2 vystoupení občanů.
155860	159740	Delka vyjádření stanoviska občana je maximálně 4 minuty.
159740	165960	Prvním vystupujícím poprosím pane Matěje Santo ve věci Kozlova Žlebu na Jižních svazích.
174100	177480	Poprosím, jestli není pan Santo někde.
179880	181700	Tak, jestli není přítomen.
182400	186020	Další přihláškou máme pan Petr Šaur,
186020	190160	petice obyvatel věžových domů k rozšíření parkovacích míst.
190540	191800	Prosím, máte čtyři minuty.
192500	199560	Děkuji. Vážený pane primátore, vážené zastupitelky a vážení zastupitelé.
200300	205680	Vystupují jménem obyvatel lokality kolem věžových domů ve Zlině,
205680	212680	konkrétně domu 861 a zastupují zde obyvatele, kteří podepsali petici
212680	217440	kvůli dlouhodobému nedostatku parkovacích míst.
218800	223300	Chtěl bych upozornit, že problém se netýká pouze našeho domu,
223860	227500	ale celé této skupiny pěti věžových domů.
229260	233180	Odpověď města na petici nás bohužel zklamala.
235180	239680	Neobsahuje žádné konkrétní řešení situace, pouze vysvětlení,
239680	248680	proč je problém obtížně řešitelný. Přitom samotné město ve své odpovědi uvádí,
249500	255680	že se problematikou parkování dlouhodobě zabývá. Pokud tomu tak je, pak je otázka,
257380	264680	proč se situace dlouhodobě nezlepšuje. V dopise města se uvádí,
264680	269860	že parkování by si měl každý majitel vozidla zajistit sám.
270940	275100	U obyvatel bytových domů je to však prakticky nemožné.
276060	279060	Nemají vlastní pozemky ani garáže.
280340	285880	Ano, v okolí nějaké garáže existují, ale prakticky se neprodávají
285880	291740	a pokud výjimečně ano, jejich cena se pohybuje kolem 900 tisíc korun,
291740	295300	což je pro mnoho obyvatel zcela nedostupné.
296540	301000	Obyvatele jsou navíc velmi znepokojeni tím,
301980	305820	že město chce situaci řešit především restriktivně,
307160	309960	například zaváděním rezidentních modrých zón
309960	313460	nebo ubíráním míst pro jiné účely,
314200	318800	místo toho, aby se současně hledali možnosti,
318800	323240	jak parkovací kapacity, také rozšířit.
324480	330220	Regulace sama o sobě nové místo nevytvoří.
332180	336160	Stačí se večer projít kolem uvedených domů a každý vidí,
336580	342280	že všechna parkovací místa jsou obsazená a obyvatele zde nemají, kde parkovat.
343420	348640	Domy v této lokalitě byly postaveny v době, kdy byla motorizace výrazně nižší.
348800	352020	Dnes má automobil téměř každá domácnost.
353240	360260	Jednou z možností, kterou jsme identifikovali a městem nechali prošetřit
360260	366780	i na základě žádosti podle zákona 106 1999 sbírky,
367720	372240	na níž jsme ani po měsíci nedostali žádnou odpověď,
372240	377700	je využití areálu bývalé benzinové stanice
377700	387540	u věžového domu 861, který je zároveň i místem možného velmi
387540	394460	velkého ohrožení obyvatel. Ty nádrže jsou v zemi přes 50 let
394460	403420	a prakticky jsou v bůhli jakém stavu. Naším návrhem je asanace
403420	410360	těchto nádrží pohonných hmot jako potencionálního místa pro nové parkovací kapacity.
411800	419760	Dalším případným místem na rozšíření stávajícího parkoviště jsou místa bývalých klepačů na koberce,
420200	429680	které nejsou dodnes zatravněny a nevyužívají se. Čili tam odbor zeleně prakticky nemá dosah,
429680	432860	protože tyto prostory jsou vykachličkované.
435160	439980	Nechceme město kritizovat. Chceme pouze, aby tento problém se začal
439980	444360	systematicky řešit nejen pro náš dům, ale pro všechny věžové domy.
445000	449320	Proto žádáme, aby město prověřilo možnosti zlepšení parkování
449320	453440	v této lokalitě, například formou dopravní studie
453440	457180	nebo návrhu konkrétních opatření.
457180	468360	Zároveň žádáme, aby se problematice rozšíření parkovacích míst v naší lokalitě věnovala i Komise pro dopravu města.
469360	486380	Také žádáme vyjádření města na naší žádost podle zákona 106 1999 zákonníků podanou panu primátorovi mailem dne 25.2.26.
486380	492160	šlo to i přes podatelnou. A nedostali jsme žádnou odpověď, žádné vyjádření.
494160	500360	A dovolím si na závěr jednoduchou otázku. Je město připraveno situaci
500360	506400	v této lokalitě skutečně analyzovat a hledat řešení, které pomůže obyvatelům
506400	511220	všech pěti věžových domů? Děkuji vám za pozornost.
511220	520560	Děkujeme za vystoupení, samozřejmě vším, co zaznělo, se budeme zabývat a určitě dáme písemnou odpověď a poprosím pana primátora o reakci.
520880	528840	Já jenom v kostce, jenom ať víte, já jsem tam v holinském roce byl, když jsem byl na setkém občanů, jsem byl přímo u běžových domů, přímo jsem to tam z občany, kteří tam došli, tak jsme to řešili na místě.
528840	532960	O té problematice víme, prakticky samozřejmě musíme věřmyslet,
533500	536440	co se v té lokalitě dá dělat, protože tak, jak se mu to říkají občanům,
536600	541360	kteří tam u toho byli, určitě jsou varianta tady navýšení počtu,
541520	546720	což se v jednotkách, co se týká udělaní parkovacího místa,
546820	550460	míst, o těch klepačů, co se sám říká, to se baví opravdu o jednotkách míst,
550900	553940	což sice v té lokalitě určitě pomůže každé místo navíc,
553940	557760	To se nemusíme tady o tom přijít, ale tak, jak říkáte, je otázkou,
557820	559840	jestli tam najdeme vůbec nějaké systémové řešení,
559920	565060	protože těch než jí překážek, ale těch okolností, které tam jsou, je několik ro.
565160	568660	Takže každopádně my toto řešíme už od toho loňského roku, kdy jsme tam byli.
569380	574360	A určitě se tím zabýváme nejen v rámci lokality věžové domy,
574420	577140	ale vůbec po celém městě vždycky řešíme to parkování,
577140	585660	protože samozřejmě ta kapacita toho města, tak jak jste sám řekl, byla stavěna na jinou dopravní situaci, co se týká počtu parkovat, počtu aut obecně.
586440	592940	Na druhou stranu to město nafukovací není a samozřejmě musíme se s tím nějakým způsobem všichni, když se řeknu, poprat.
593660	597920	A i této lokalitě se s ním budeme zabývat i dál, jako jaké ty možnosti jsou.
597920	605340	ale je to samozřejmě vždycky v nějakém kompromisu mezi parkovacími místy zelení
605340	610660	a tím, co chtějí občané, protože v tu danou chvíli nemůžeme to město,
610740	614920	to řeknu z velkých zelených ploch, z toho dělat povrchová parkoviště,
615580	620020	protože v tu danou chvíli ta zelení, kterou sami ti občané chtějí,
620120	623420	tak je to proti tomu. Takže říkám, je to kompromis na všech stranách
623420	626340	a i v této lokalitě samozřejmě budeme hledat cesty k tomu,
626340	630460	aby tam ta parkovací místna nová vznikla. A tu 106, co jste říkal,
630860	634260	to se přiznám, že já vím, že ke mně došla, společně s tou peticí,
634660	638800	já jsem to předával dál, aby bylo odpovězeno, takže to mi prošetříme
638800	644340	a zjistím, kde se to zaseklo, to se omlouvám, protože ty informace právě beru,
645020	649260	že má dodat ten odbor, který se tím aktuálně zabývá v rámci té 106,
649400	653260	co jste poslal, takže tam my prověříme, proč nebylo odpovězeno
653260	654220	a určitě to napravíme.
655000	660660	Jestli na to mohu jenom zareagovat, tak prakticky ta 106 je v návaznosti
660660	664820	na rozšíření těch parkovacích míst, protože pokud dojde k vybagrování
664820	669420	těch potenciálně nebezpečných nádrží, které v zemi koronují
669420	674160	a hrozí tam propadení, navíc je tam spousta litinových deklů,
674260	678920	který může bezdomovec nějaký odcizit, pak tam spadne dítě,
678920	681140	pes hodí tam někdo vajgla, nedej bože,
681720	682880	tak je to více méně
682880	684920	velmi potenciální hrozba.
685560	687280	A pokud se to tam vybagruje,
687780	688480	tak prakticky
688480	690440	je tady na snadě
690440	692800	vytvořit z toho další parkovací
692800	693440	místo.
695600	696460	Určitě ano, v tom
696460	698480	nejsme vepři, ale
698480	700380	musíme si jenom, musíme si musíme
700380	702640	zanalizovat opravdu ty nádrže a vlastně ty věci,
702740	703700	které už se prověřovaly,
704760	706720	kam určitě na to odpovíme, ať víte,
707180	708780	čemu jsme dospěli my v rámci té
708780	714860	v rámci té lokalizace toho problému, který jste upozornil
714860	717180	a určitě si ní budeme dál zabývat.
717360	719320	Takže já jenom teďka nemám úplně 100% informace,
719500	723480	tak nechci vám tady říkat věci, které například by nebyly úplně správné,
723940	726900	takže prosím děkuju za to upozornění, že jsem dostal odpověď
726900	731280	a my určitě na to odpovíme tak, abyste ty informace relevantní,
731280	736240	které jsme zjistili v rámci toho prošetření poukázaní a tento problém
736240	737480	a děkujeme za něj.
737480	745600	A v rámci teda té 106, lomeno 1999 sbírky zákonů, kdy dostaneme,
745840	749620	můžeme očekávat dostat odpovědi, jsme to podali 25.2.
750840	753680	Já si myslím, že příští týdne bychom tu odpovědi už mohli poslat,
753800	757700	protože samozřejmě jsou tam čtyře zákonné luty a v tu danou chvíli,
757700	761700	jak říkáte, to teďka prošetříme na základě toho, že je neodpověděno
761700	763040	a ten příští týdne to napravíme.
764320	764780	Děkujeme.
767480	773120	Poslední vyslupujícím pán Eduard Kuňák na téma nový mrakodrap.
779520	783540	Dobrý den, pane primátore, dobrý den, váží zastupitele.
785840	789820	Nevím, v jakém stádiu se nachází povolování nového mrakodrapu,
789820	791640	myslím, že se to mene prospekt, kde si se nepletu.
791640	803800	Nicméně ta věc mě trápí z toho pohledu, že vlastně občani nemají takový nějaký přehledný pohled na to,
803860	807340	jak to bude na ně půstat, jak to bude vypadat, protože ty pohledy, které byly prezentovány,
807340	814880	jsou dle mého názoru účelové a jak se to postaví, jak to budou občani vnímat,
814940	820240	jak to bude v poměru geometrických, tedy rozměru půdorysů versus výšky,
820240	825140	který je samozřejmě bezprecedentní, když budete nabítat NVTčko a něco podobného.
826060	831200	Ale to bylo stavěno v zástavbě výškových budov v té lajně,
831300	836200	kterou už i za komunistů a myslím, že i předchoří architektonické plány
836200	841280	nějak tolerovali jako takovou nějakou línii těchto výškových budov.
841640	847380	Tady tato věc se zcela vymyká této línii a okolním zástavbám.
847380	852060	Čili mě zajímá úplně, první otázka je, jak vysoká vlastně ta budova bude.
852140	855600	Já jsem se to nikde nedočetal, taková věc by měla být na prvním místě,
855660	858980	protože to je základní parametr toho, jak to tahle tabuda bude působit.
859100	864680	Čili ptám se, jestli to je úmyslně takhle, nebo proč to nebylo prezentováno
864680	871040	ve všech těchto poměrech. Takže dávám návrh, námitku k tomu,
871140	874700	aby byla provedena vizualizace, taková při dnešních technologiích
874700	879160	aby to neměl být vůbec žádný problém, jak to vlastně bude působit
879160	883160	v celkovém pohledu. Dříve, než se tato věc schválí
883160	888860	jako prostavitní pohlední. Takže toto je můj návrh
888860	893440	a myslím si, že by si to občany zasloužili. Jakmile se to postaví,
893540	897380	tak samozřejmě už se s tím nic neudělá a pak to může být vnímáno
897380	901220	zcela kontroverzně navždy. To je jedna věc.
901760	910240	Druhá věc, co mě trápí poslední dobou, je otázka stavu městského lesa pod Tlustou,
910440	919240	kde už několik let je tento les zcela okupován trejlisty a to v různých denních i nočních hodinách.
919240	926200	Včera se byl třeba vese na pomezí světla a tmy a potkal jsem asi čtyři nebo pět skupinek
926200	930660	z reflektory, které zářily do dálky, že i z města to muselo být vidět,
931260	938860	tak to je jenom takový vnější projev toho, jak si tihleti hoši vlastně vzali ten les
938860	944260	jako jakési rukovní a kde vlastně ten občan a příroda nemá vůbec žádnou šanci,
944260	949240	protože tak, jak je to provozováno těmi trehlisty bez jakéhokoliv souladu s něčím,
949600	955420	je to samozřejmě protizákonná činnost, tak to neznáme si a já.
955420	964140	Samozřejmě už jsem se bavil s několika osobami, kteří v té věci jsou činí nebo mohli by být.
964220	969100	Pan primátor byl taky vyzván mnou, aby jsme se šli podívat na místo.
969340	974840	Samotný on je sportovec, neodmítnu to, ale na někou stranu jsme se ještě nedohodli,
974940	979900	nebo spíš nebyl ten podnět ze strany jeho i pana Brady, kterého se to taky týká.
979900	983260	Taky jsme se několikrát o tom bavili, že to místo projde, aby jsme se podívali,
983260	987480	jak to doopravdy vypadá. A tím, že jsem tam denně, protože bydlím u lesa,
987620	992120	tak jsem schopen samozřejmě ukázat všechny ty cesty, které tam v tom lese jsou
992120	998260	a je jich tam nepočítaně. Bohužel se dotýkají i chráněných oblastí
998960	1006260	pro ochrannu životního prostředí nějaký úzes, se to tuší jmenuje tato záležitost,
1007620	1012280	kde jsou nějací živočichové a rostlí a tak dále chráněné určitým stupněm ochrany
1012280	1016680	a toto místo, které je nad Kulibou, je speciálně hrozili to nejvíc.
1017380	1021480	Prasata nám hrozili solidně za tu zimu i podzim.
1022260	1024520	Myslím, že trailisti to dokázali ještě lépe.
1025420	1027900	Takže toto bych chtěl, aby se řešilo.
1028400	1031780	Protože zatím, a tady bych se opíral především o zákonu,
1031780	1034460	protože zákon je jednoznačně, lesní zákon je porušovaný,
1034840	1037040	je ohrožovaný zdraví a životy občanů.
1037500	1040160	Bohužel víc toho nestinu příště.
1041200	1041840	Děkuji.
1042280	1044960	Poslední vystupující, předávám slovo zpět
1044960	1046900	panu primátorovi. Já na kterému budu reagovat.
1047020	1048860	Já v prý řeji se chci omluvit, že jsem vám včera zrušil
1048860	1050520	schůzku, protože já trošku
1050520	1053020	ze zrabotních důvodů
1053020	1054900	stál otevřeně všem, můžu tak to říct.
1054980	1056660	Není to o tom, že umírám, ale
1056660	1058940	aspoň doufám, že teda ne, ale věřím tomu,
1058940	1060840	že je to spíš o tom,
1060940	1062820	že tady nějakým samým týdnem bujím s nějakým nachlazením
1062820	1064680	a včera už jsem to prostě zrušil,
1064680	1068580	co se nemuselo být i skvěle dnešní zastupitelstvo, abych dneska tady mohl být.
1069180	1071900	Takže za to se omluvám, panu, a s tím, že určitě se potkáme.
1072700	1079080	Každopádně my jsme se měli potkat s panem Kuňákem včera právě kvůli tomu stavu toho lesa.
1080120	1083240	Stav je aktuálně ten, kdy pan Kuňák má naprostou pravdu,
1083400	1087400	že tam probíhají aktivity, které jsou nelegální.
1087400	1109460	A my v současné spozice města Zína vedle toho máme z tady skupinu zase i tu opačnou, která tuto nelegální činnost dělá z důvodu toho, že je to vlastně zastřešující jenom snaha o zastřešující spolek o legalizaci vlastně trailů v této lokalitě.
1109460	1116620	Je to samozřejmě problém, který se snažíme nějakým způsobem výjít z toho tak,
1116740	1121660	aby jednak bylo zabezpečeno a v první řadě bylo zabezpečeno opravdu ochrana
1121660	1125460	všech obyvatel a návštěvníků toho lesa.
1126980	1129880	Vedle toho samozřejmě na druhou stranu vnímáme i ty moderní trendy
1129880	1136700	a to, co se vlastně obecně v rámci nejen České republiky děje,
1136700	1141680	což, jak řekněme, ten trend těch trailů je a například lesy České republiky
1141680	1146140	k tomu mají přímo vydanou metodiku, jakým způsobem to lze v těch lesích dělat.
1146300	1151840	Takže my na základě toho teďka řešíme i varianty a hledáme cesty
1151840	1158480	víceméně na všech stranách, jakým způsobem tady ty trajly v rámci města Zdína povolit,
1158940	1164120	kdy neříkám, že to je konkrétně jenom výhrada v této lokalitě,
1164120	1167280	řekněme, to je tlusté hory, ale například by to mohli právě někde jinde,
1167280	1171280	kde ta fluktuace lidí a návštěvnost toho lese není tak vysoká.
1172500	1176480	Každopádně nás celotevřeně i tento stav, který aktuálně probíhá,
1176540	1180160	nás netěší, protože, jak jsem řekl, potvrduji to, co říkáte,
1180240	1184960	to, co tam, řeklíme, ti cyklisté, kteří tam lítají po lese,
1185080	1192620	tak opravdu je to nelegální a ve výsledku z pozice zprávce lesa
1192620	1196840	se, když se řeknu, i město s dým snaží dělat kroky k tomu, aby tam nebyly.
1197560	1202520	S tím, že vedle toho zase, když jsou značně slušně řečeno,
1202640	1206360	rozladíme tu skupinu, která to tam provádět chce a odkazuje se na to,
1206360	1211460	že je například povolená stezka zdraví v dané lokalitě,
1211840	1214080	tak proč není, když je povolená stezka zdraví,
1214200	1218520	tak proč není možné povolit stezku pro trail nebo pro cyklisty.
1219140	1222400	Takže říkám, ta situace není úplně jednoduchá,
1222620	1231200	kdy hledáme cestu tak, abychom zejména v první řadě opravdu co nejvíce zabezpečili to neohrožení,
1231340	1238660	jakékoliv neohrožení bezpečí občanů, kteří jsou návštěvníci těchto prostor,
1238740	1244400	ať už je to pro ta tlustá hora nebo někde jinde, ale zároveň zase vnímáme,
1244400	1251100	že samozřejmě, když jsou moderní, tak je potřeba najít cestu, jakým způsobem povolit v nějaké lokalitě
1251100	1257560	a tak, aby byly zase využívány, protože když je povolíme někde na totální periferii,
1257560	1264280	tak je otázkou samozřejmě, jestli to splní ten účel, který vlastně očekává zase ten spolek,
1264360	1271640	který je za tímto cílem založen. Takže ty chci mi chci říct, že to řešíme a hledáme cesty.
1273460	1280320	Vedle toho ještě jste začínal budovou prospektu. Já bych vám na to strašně rád reagoval,
1280320	1286240	ale s pozicem města, my nejsme vůbec investorem, my vlastně nejsme víceméně orgánem,
1286400	1295320	který je v detailu a co se týká výšky, tak to samozřejmě investor řeší například
1295320	1300580	s památkáří, řeší to samozřejmě i s naším, například s naší kanceláři,
1300620	1305600	až teď ta města, pokud vím já, tak se měla dělat studie vlastně výškových budov
1305600	1310780	v té dané lokalitě právě na to, aby se řešilo, jak ta budova může být vysoká.
1311500	1315500	Na druhou stranu já vám řeknu zcela otevřeně, že já za sebe říkám,
1315600	1319860	že pokud to jde, tak pokud jakákoliv budova v nějaké lokalitě lze,
1319860	1323860	v rámci právě té lokality, tak čím vyšší bude, tím za mě lepší
1323860	1327820	pozice rozvoje města Zlína, protože ve chvíli, kdy budeme stavět
1327820	1331640	dvoupatrové objekty nebo tady pořád čtyři patra, tak v tu danou chvíli
1331640	1336340	ten rozvoj asi úplně moc velký nebude, stejně jako hustota obyvatel
1336340	1340220	bude spíše řídnout, než aby zůstala alespoň stejná,
1340660	1343860	ne-li v lepším případě se zahušťovala, obzvláště v centru.
1344540	1349520	Takže já za sebe vnímám tento projekt jako ambiciozní,
1349940	1355180	já za sebe ho velice vítám a věřím tomu, že se podaří opravdu ho vlastně,
1355180	1359520	že tomu soukromu investorovi se ho podaří realizovat a aby to bylo možné,
1359520	1363000	tak samozřejmě pro něho je důležitá právě ta výška i v té lokalitě,
1363100	1367760	takže já věřím tomu, že nalezné společnou cestu
1367760	1373760	zejména památkáři, kteří v té lokalitě vlastně opravdu vnímají
1373760	1378920	ten prostor na městní práce a ty debaty nejsou jednoduché, co vím já,
1379360	1385380	ale věřím tomu, že opravdu zvítězí cesta rozvoje města Zlína
1385380	1392380	s nějakými jasnými parametry a řekněme to, co dává nějaký smysl,
1393220	1397960	ale opravdu si myslím, že jestli je tam opatrov víc nebo méně,
1397960	1401080	tak jako za mě je klidně, že je tam opatrov víc celé otevřeně.
1401520	1404180	Ale chápu i vaši obavu, co se díká nějakých pohledů,
1404280	1408480	například z letné, i z jiných lokalit, ale to všechno vlastně investor
1408480	1413080	bude muset doložit v rámci jednání s památkáří, kteří se tím zabývají
1413080	1417340	a na základě tohoto jednání s památkáří to vlastně povolit,
1417760	1422440	protože stavební úřad se k tomu taky bude muset se logicky vyjadřovat
1422440	1428040	a dočeným orgánem, který se to musí víceméně vyjadřit, jsou právě památkáři.
1428040	1435080	Takže těch možností, řekněme, té regulace nebo těch brzd k tomu,
1435160	1438920	aby tam nevzniklo něco, co má 60 patr, když to pře ženu je mnoho.
1438920	1442460	teď je však otázkou samozřejmě
1442460	1444520	jak se investor dohodne
1444520	1446700	s těmi, v rámci těch jednání
1446700	1448320	s těmi lidmi, kteří se kvůli toho
1448320	1450320	kteří vlastně budou psát ta stanoviska
1450320	1453140	a ta jednání, co vím já, tak probíhají
1453140	1454680	takže to spíš jenom
1454680	1456320	takto, protože nic blížšího nevím
1456320	1458440	aktuálně, protože byla nějaká výška
1458440	1460200	ta se pak měnila, ta se zase změnila
1460200	1462280	jo, to už se, ta výška, co vím já
1462280	1464500	tak se změnila už asi třikrát, než čtyřikrát
1464500	1466560	a aktuální stav já vám neřeknu
1466560	1473440	protože opravdu to je stavba soukromého investora, který za mě, pokud tu stavbu postaví,
1473520	1476080	tak toho Zlínu jenom prospěje. To mám za mě.
1476260	1480720	Můžu k tomu seřinku? Jestli dobře vím, poslední varianta je 16 patr,
1480800	1483480	pletu se nebo ne? Někdo. Asi je, že?
1483700	1491340	Já vám opravdu neřeknu. Co vy poslední v informaci já, tak se to řeší skrze výšku hotelů Zlín.
1491340	1500080	A vlastně řešilo se, že investor to chce snad opatro vyšší než hotel z Lín,
1500200	1502000	což já si nemyslím, že je nějaký problém.
1503000	1508460	A jiní říkají, že to může být maximálně stejně vysoké jak hotel z Lín,
1508560	1513220	což pak jako v té lokalitě, když to vezmete, že to má být,
1513360	1517780	že hotel z Lín, jak je to velká stavba, tak jak je široká,
1517780	1521880	tak ono vlastně ve výsledku, ta výška, ona je relativně,
1522100	1524900	není jako tak býcí, jako nechci si nějaká přirozená,
1524980	1529080	nechci býcí do očí, ale ve chvíli, kdy tam chcete stavět
1529080	1532780	a chcete vlastně opravdu víc stříc Gahurové prospektu,
1533600	1535900	chcete víc stříc té architektuře náměstí práce,
1536000	1538580	tak to řešení, ten návrh té budovy, tak jak ho mají navržený,
1538680	1542120	tak jako dává smysl, ale aby dával smysl i objemově,
1542260	1544960	tak vlastně v tu danou chvíli ta věž musí být jako vyšší
1544960	1548900	než ten hotel Zlín, protože vám to ekonomicky nevíde.
1549660	1554400	Ta hmota prostě je nějak stanovená a samozřejmě ta hmota vám pak generuje nějaký příjem,
1554520	1558680	takže pokud vy se nedostanete do toho, aby vám to dávalo nějakou ekonomickou,
1559160	1561820	nechci říct ani soběstačnost, ale ekonomický smysl,
1562320	1566400	tak potom v tu danou chvíli ten objekt těžko vznikne.
1566540	1571180	Takže já za sebe proto říkám, klidně ať tam vznikne, říkajme, taková budova,
1571180	1576480	která doplní to náměstní práce a jestli bude o něco vyšší než hotel z lín,
1576740	1583600	kdy tak jako já v tom za sebe problém nevidím, ale samozřejmě to musí obhájit
1583600	1588060	a schválit orgány, které v tom stavebním řízení k tomu ta stanoviska vydávají.
1588600	1594880	K tomu můžu ještě něco? Já si myslím, že tam trošku je v kontraverzi i ten prior,
1594880	1600740	když se vezme nějaká ta línie, hnutá teda Hotel Moskva, tady ten prospekta a prior,
1600860	1602920	takže by toto mělo být v nějakém souhlasu.
1603000	1606200	Jinak se týká těch výškových budov, já si myslím, že v těch minulých plánech
1606200	1611740	bylo učeno to udelní území k tomu, samozřejmě ten areál svitovský,
1611880	1615940	který je zabetonovaný nějakým způsobem v nějakých procesech,
1616040	1619020	ale myslím, že mi se to by nemělo ztrácat ambicii k tomu,
1619020	1624460	aby s majitelem celého toho na té části tam bylo v neustalém kontaktu,
1624460	1628240	protože tady si myslím, že je v rozvoji prostavu takovýchto budov,
1629100	1633820	tak to je jenom můj takový názor a myslím si, že toho mu tomu se stejně kdříve
1633820	1637660	nebo později město nevyhne, mělo by se zůstřit i na tuhletu věc.
1642760	1647320	Jo, ještě co se týká toho lesa, já teda ještě k tomu dodám,
1647800	1651660	v své osobní zkušenosti byl jsem několikrát ohrožen na zdraví i životě,
1651660	1654800	doslova do písmene. Nechtěl jsem to tady takhle prezentovat,
1654880	1657860	ale opravdu mluvím i sám za sebe, nejenom za ty lidi,
1658040	1662940	kteří se tam pohybují. Prostě já nebudu popisovat do detailů,
1663040	1665320	tak, jak to bylo, když bude zájem se v té věci setkat,
1665420	1667780	to si myslím, že právě ze strany tady těch aktivistů,
1667900	1672540	tože jak to jinak nazvat, není, protože jakékoliv pokusy,
1672540	1675980	abych možná vyzvali místního zastupitela Andru Slováčka,
1676060	1678040	myslím, že v té věci měl nějaké jednání s něma,
1678040	1686540	aby to doplnil, že ta snaha nějak se s něma domluvovat naráží na absolutní nezájem.
1686720	1695840	To se ptal i pana Divokého, že tady jsme zajedno i s panem Divokým v věci využívání
1695840	1699400	nebo spíš zneužívání toho lesa, protože to se jinak nazvat nedá.
1700240	1705740	A nelze ustupovat, já to řeknu normálně, jsou to kluci z povykanosti,
1705740	1708480	která přechází v agresii, protože takhle to bohužel je.
1710520	1711960	Tak nějak asi.
1712540	1712740	Děkuji.
1712760	1715840	Dobrá, děkuji. Já jenom to doplním ještě jednou.
1717960	1722000	Co se týká toho objektu soukromoho investora, tam, jak jsem řekl,
1722240	1725720	je potřeba, oni si musí spočítat tu hmotu, tak aby jim to vlastně vůbec vyšlo
1725720	1730520	v rámci té stavby, v rámci té ekonomiky celého objektu a myslím si,
1730520	1733780	že kam já budu určitě podporovat to, aby to vzniklo a klidně,
1733780	1736640	ať je to pomalu o dvě patra vyšší, než ho to jezdím,
1736720	1738480	prostě pokud to dává smysl, aby to vlastně,
1738560	1741880	protože si myslím, že ta budova opravdu prospěje městu z dínu a náměstní práce.
1742440	1747000	Co se týká těch trailistů, já vás klidně propojím, to není problém prakticky,
1747120	1750580	ale dostanete se vždycky do té situace, co říkají sami,
1750660	1753400	že oni jsou schopni ovlivnit určitou skupinu,
1753400	1759580	ale určitě nejsou schopni udržet, jak se říká, na řetězu více těch mladších,
1759580	1762420	kteří tam jezdí, protože tě mohou říkat, co chtějí,
1762500	1765560	ale ve výsledku všichni víme, jak každý má svoji hlavu
1765560	1769680	a prostě si myslí, že může dělat cokoliv, pokud ho...
1769680	1770860	protože ta doba je taková.
1771420	1774340	Takže určitě já vás klidně propojím, počítám,
1774400	1778240	že zkuska proběhne i jako se mnou a kam budeme hledat cesty.
1778640	1781280	Takže ten stav, který tam je, není správný
1781280	1782580	a není udržitelný do budoucna.
1783060	1785700	To, co jsme si už osobně domlovali, že se tímhle sem projdeme
1785700	1790600	s panem radou, platí to dohledně do mě. Dá se říct ještě v dublu,
1790680	1791760	že by to mohlo problémat.
1792840	1795540	Domluvíme se, určitě se domluvíme na tom. Dobrá, děkuji.
1795620	1797000	A prosím ještě nám, jstek Pavel Breda.
1798940	1804240	Dobré dopoledne všem. Pane Kuňáku, takže já za sebe potvrduji určitě vůli
1804240	1808180	a chuť se s vámi potkat, projít si to na místě, takže pravděpodobně se domluvíme
1808180	1814920	i s panem Primátorem. Já jsem na místě byl, znám ten terén a možná řeknu ještě jednu věc.
1814920	1821840	Já chápu a je pravda, že aktuálně ty trady nejsou povolené a není to legální.
1822300	1826540	Nicméně ta skupina obyvatel, která zase volá potom najít nějaké místo ve zdíně,
1826640	1830320	kde by to bylo možné, tak si myslím, že tomu bych se určitě neuzavíral,
1830440	1833160	abychom našli to nejlepší místo, ale souhlasím s vámi,
1833240	1836800	že teďka v té současné situaci to je nevyhovující a je to nelegální.
1837240	1841520	Takže to je k prvnímu vašemu obodu a potom se jenom úplně krátce vyjádřím
1841520	1845540	k tomu mrakodrapu nebo budovy prospektu
1845540	1849020	soukromého investora, tak co já mám informace,
1849120	1853620	tak původně navržená výška byla 58 metrů, byla by to druhá nejvyšší
1853620	1857460	budova ve městě, jak zmínil pan primátor, tak se vedou
1857460	1860960	jednání o té výšce, takže nevíme, jestli to bude finální výška
1860960	1865200	a myslím si, že ta budova dává smysl pro
1865200	1868920	centru města, pomůže to z línu, o tom jsem hluboce přesvědčený
1868920	1875120	a ta náplň je pět patér kanceláří, pět patér bytů a pět patér hotelového provozu,
1875240	1878420	což pro zlín, jakoby určitě všechny tyto funkce jsou smysluplné.
1879300	1883040	A ještě jsem chtěl říct, že vlastně ta budova měla souhlas,
1883140	1887020	anebo vyjádření kanceláře a architekta města bylo souhlasné s tímto záměrem,
1887140	1891000	takže si myslíme, že co se týče architektury a výškové zástavby ve městě,
1891000	1898040	tak z pohledu, kamu to smysl dávalo a nebyl s tím problém, že to je asi všechno.
1898540	1903080	Děkuji. Já se jenom pro jistotu zeptám, jestli nepřišel pan Matěj Santo,
1903220	1905020	který byl taky přihlášen dneska do diskuze.
1907400	1912760	Ne. Takže tím bychom ukončili bod vystoupení občanů a předávám slovo panu primátorovi.
1912900	1913240	Děkuji.
1914120	1915320	Dobrá, moc děkuji všem.
1916660	1922220	A že když se došle zastupitelstvo a způsobem se podlelo sám aspoň trochu odpovědět
1922220	1924800	a budeme pokračovat dnešní mědání zastupitelstva,
1924800	1928440	kdy dalším bodem je schválení programu.
1929320	1933940	Ve čtvrtek 12. března 2026 byl uvolněn návrh programu,
1934000	1935620	který jste obdrželi v elektronické podobě.
1936160	1939040	To bych se zeptat, jestli někdo tomuto navrženému programu
1939040	1940960	má připomínky nebo nějaké doplňky.
1943460	1946000	Nikdo se do diskuze nehlásí, takže prosím pojďme hlasovat.
1946960	1949380	Program tak, jak vám byl zaslán.
1954800	1965800	Pro 31. Program dnešního zasedání zastupitelstva byl schválen.
1968800	1978800	Čtvrtým bodem dnešního zasedání zastupitelstva dle programu jsou rozpočtová opatření s navýšení přesuny dle schváleného rozpočtu 226.
1979420	1982900	Poprosím náměstka Mirka Chalánka k uvedení tohoto bodu.
1984800	1989980	Děkuji za slovo, pane primátore. Dneské dopolené, dámy a pánové.
1991420	1996480	Já na úvod bych chtěl se omluvit za malou komplikaci,
1996480	2002340	ale chci vás poprosit o opravu v tabulce číslo 22 v řádku 1.
2003660	2010100	Na straně výdajů máme napsáno 790 tisíc pro živý zlín,
2010220	2013520	jako účelový provozní přísvěvek na akci Zlín žije.
2013520	2020220	a je tam chybka, má tam být pětset tisíc, takže vás jenom poprosím,
2020600	2022020	popravte si to v materiále.
2025780	2029140	To za mě vše v tuto chvíli, jestli jsou nějaké dotazy, odpovím.
2032800	2037800	Dobrá, děkuju za tu korekturu, chci se zeptat, má někdo k tomuto materiálu nějaké dotazy?
2037800	2043580	Není tomu tak. Poprosím ještě paní Kateřilou Francovou.
2044660	2048960	Dobré dopoledne všem. Já jsem se jenom chtěla zeptat, je to spíš jenom tak jako,
2049080	2057080	že o orientačně na straně 10, tabulka číslo 11, já tak rychlé ruluji,
2057100	2060700	jak jsem se dívala na to, co tady opravoval panáměstek Hladík,
2061680	2066480	dotace pro český korvalový svaz. Nemám s tím žádný problém ani s výši,
2066480	2069720	ani s tou dotací, jenom se ptám, proč to neprošlo přes fond.
2071120	2074260	Proč to jde touto cestou? My máme přece na fondu mimořádné výdaje.
2074700	2074980	Děkuju.
2076820	2082000	Tento dotaz, nebo respektive tato akce byla projednávána i ve fondu,
2082080	2087700	ale bylo řečeno, že, když to řeknu, fond má svůj omezený rozpočet
2087700	2096220	a v rámci kulturního komise nádeže a tělovýchovy
2096220	2103760	komise mládeže a tělovýchovy, jsme si řekli, že budeme asi jedině rádi,
2103840	2108200	že nějaká takováto akce ve z dně bude, ale že v tom našem rozpočtu
2108200	2113360	nebo v tom rozpočtu té komise tak velkou částku si nemyslíme,
2113360	2116780	že bychom na to byli schopni uvolnit, protože bychom vícem jasem
2116780	2122180	s těmi omezenými financemi se musí ospátit do konce kalendářního roku.
2123000	2128780	takže bylo předáno na radu k rozhodnutí, jestli tu akci podpořit,
2128780	2135440	že asi mít ve zlíně myslství Evropy je asi správně.
2136300	2139560	Na druhou stranu se nevnímáme, že ten sport není asi úplně
2139560	2143020	mezi nejpopulárnějšími v rámci České republiky,
2143100	2146280	takže se řeklo, a to byl i ten důvod, proč ta komise řekla,
2146440	2150840	že si nemyslí, že by to mělo být dáváno z poštu komise
2150840	2155280	a proto se to předalo na radu a rada města z ní nakonec rozhodla,
2155280	2161900	že dotaci v této výši této akci poskytne a budeme rádi,
2161980	2166040	pokud opravdu bude město z ní hostit ty finálové zápasy
2166040	2168220	tady v městnosti Evropy v Portbalu.
2168720	2172740	Takže proto to není jako, že to je s financí komise
2172740	2177380	a na komisi to proběhlo relativně rychle, protože se opravdu řeklo,
2177380	2185000	že bohužel tento sport není natolik významný, nebo se nezdá natolik významný,
2185080	2190060	aby se na to vyčerpala převážná část rozpočtu pro mimořádná akce.
2192440	2196340	Za vysvětlení je to sice trošku nesystemové, ale chápu to. Děkuji.
2199660	2203900	Dobře. Jeho další, kdo se hlásí do diskuze k tomu materiálu číslo 4?
2203900	2208900	Nikdo se nehlásí, prosím pojďme hlasovat materiál číslo čtyři.
2228900	2233300	Pro 23, materiál číslo čtyři byl přijat.
2233900	2243120	Materiál číslo 5, týkající se dodatku číslo 1 ke smlouvě o úvěru s naší ZOO, jsou k tomu dotazy.
2245300	2249020	Níkdo se do diskuze nehlásí, takže prosím, pojďme hlasovat materiál číslo 5.
2249020	2264160	Pro 27, materiál číslo 5 byl přijat.
2264560	2277620	Materiál číslo 6, týkající se bytového drusva podlesí, kde se posouváme zase okruček dál v rámci narovnání těch vztahů, které se tu historicky začaly řešit.
2277620	2279960	Jsou k tomu nějaké dotazy?
2281560	2286620	Nikdo se do diskuze nehlásí, takže prosím pojďme hlasovat materiál číslo 6.
2298540	2302880	Pro 21, materiál číslo 6 byl přijat.
2302880	2306580	Materiál číslo sedm je memorandum
2306580	2308520	o vzájemné spolupráci mezi
2308520	2310680	statutárním městem Zlíném a ukrajinským městem
2310680	2311360	Kryvý Rych.
2312900	2314620	Jsou k tomu nějaké dotazy,
2314800	2316780	prakticky já možná řeknu, jak to vzniklo.
2317620	2318640	Zcela otevřeně
2318640	2320860	z pozice města Zlína jsme nežádali
2320860	2321960	Kryvý Rych o
2321960	2324660	řekněme o nějakou
2324660	2326760	spolupráci, memorandum, protože
2326760	2328540	město Kryvý Rych,
2328540	2330420	když se podíváte na jeho
2330420	2332620	velikost a vlastně jeho významnost v rámci
2332620	2338780	v rámci celé Ukrajiny, tak tu troufalost jsme neměli,
2338900	2342960	když to řeknu z pozice města Zína, na druhou stranu jsme byli osloveni
2342960	2346040	z jejich strany, jestli bychom tu spolupráci neměli zájem,
2346160	2349620	je to jedno z největších průmyslových měst v rámci Ukrajiny,
2350760	2353800	takže tady ta jich nabídka nás trochu překvapila,
2353960	2358960	ale zároveň bych to řekl, že příjemně proběhla několikero jednání,
2358960	2362380	online jednání se zástupci tohoto města.
2362620	2383980	A proto vlastně máte, na základě toho bylo vědnáno memorandum, jehož obsahem je to, co máte v důvodové zprávě, kdy ta spolupráce v rámci memoranda, kterou máme uzavírat, je, dá se říct, totožná, kterou máme s jinými partnerskými městy.
2383980	2390180	to znamená, že vždycky to směřujeme na vzdělání, to znamená na výměné pobyty
2390180	2395980	nebo jakéhle výměny zkušeností dětí, mládeže i samozřejmě vysokoškoláků.
2396640	2403140	K tomu tam máme, se řeší různé výměné věci v rámci sportu, sportu, kultury.
2403840	2409980	S tím, že bych řekl, že to, co je navíc tady v současné době proti těm standardním vztahům
2409980	2416880	je opravdu spolupráce na civilní ochraně například, protože samozřejmě v současné době
2416880	2422520	jsou s těmito zkušenostmi mnohem dál než kdokoliv jiný v rámci Evropy.
2423800	2429920	A myslím asi, že je dobré tady ty informace získat a například některé z nich zkoušet
2429920	2433600	nebo do nějaké míry aplikovat u nás v rámci města Zdína.
2433600	2438820	Takže to je vlastně jeden z těch věcí, které tam řekněme navíc proti tomu,
2438860	2443780	to, co bývá ve standardních spoluprácích, ať už jsou to partnerská města
2443780	2445600	nebo spolupráce na základě memoranda.
2447700	2449140	Jsou k tomu nějaké dotazy?
2451560	2455120	Nikdo se do diskuze nehlásí, takže prosím, pojďme hlasovat materiál číslo 7.
2463600	2470400	Pro 30. Materiál číslo 7 byl přijat.
2471020	2478740	Materiál číslo 8 je novela obecně závazné vyhlášky týkající se vymezení kratší nebo žádné doby nočního klidu.
2479060	2479840	Jsou k tomu dotazy.
2482760	2486240	Nikdo se do diskuze nehlásí, takže prosím pojďme hlasovat materiál číslo 8.
2493600	2501000	Pro 32, materiál číslo 8 byl přijat.
2501380	2507020	Materiál číslo 9 je omezení překvědění návrhu na změnu územního plánu k 31.3.
2507240	2512020	Je to z důvodu toho, že v současné době probíhá dokončování změny územního plánu číslo 6.
2514900	2519800	A teďka ještě, ideálně do června, bychom chtěli schválit změnu číslo 7,
2519900	2522600	která z největší první prostě byly rozdána 7a a 7b.
2523600	2527140	Abychom byli schopni tu změnu zpracovat a připravit,
2527240	2530920	tak proto musíme pozastavit v současné chvíli ty návrhy, které neustále chodí,
2531400	2536780	protože pokud bychom tomu tak neudělali, tak vlastně nejsme schopni tu změnu nachystat.
2536900	2540700	Je to standardní postup, který bývá před každou změnou územního plánu.
2540700	2542180	Jsou k tomu nějaké dotazy?
2544320	2547660	Nikdo se diskuze nehlásí, pojďme prosím hlasovat materiáčí slo 9.
2553600	2564400	Pro 31 materiál číslo 9 byl přijat.
2565880	2571360	Následující tři materiály souvisí s optimalizací příjmu města
2571360	2575420	zlíná nastavení jasných pravidel, to znamená, vycházíme i z těch debat,
2575420	2580160	které jsme tady vedli na zastupitelstvu, to znamená od pravidel přes developery,
2580160	2588380	které, abychom mohli uplatňovat, tak potřebujeme upravit i pravidla pro změnu nebo uhradu nákladů
2588380	2595200	s pořízením změny územního plánu a zároveň s připojením na městské komunikace.
2596360	2600600	První materiál týkající se tady tohoto, abych to nazval dá se z balíčku,
2601140	2607600	je právě schvální pravidel pro uhradu nákladů se změnami na pořízení změny územního plánu.
2607600	2608800	k tomu dotazy.
2610700	2611720	Nikdo se nehlásí,
2611940	2613960	poprosím Kateřinu Francovou.
2614920	2616100	Já jsem se jenom chtěla zeptat,
2616180	2617900	ten ceník tam není záměrně přilužen,
2617960	2619440	ten se budete prestanovovat, jo?
2620140	2621600	A bude se měnit? Protože my
2621600	2624080	schvalujeme jenom pravidla, ale cenu neschvalujeme.
2624160	2625940	Vždycky je tam
2625940	2627660	záměrně, jsou vlastně pravidla,
2627660	2629300	jsou záměrně dána takto,
2629380	2631000	protože ty,
2633520	2635700	vždycky se ta změna bude odvíjet
2635700	2636960	od toho daného případu,
2636960	2641840	že je bude rozdíl, jestli někdo bude měnit, je otázka, z čeho na co bude měnit,
2642240	2646220	zároveň taky velikost té parcely, kterou bude chtít změnit,
2646340	2651080	takže vlastně se to bude odvíjet v rámci nějakých diskuzí,
2651160	2655040	to znamená, je to spíš opravdu otevření té možnosti,
2655040	2658180	které byly lépe vyspecifikované, protože v současné době,
2658620	2665300	když můžeme chtít po těch třetích stranách nebo třetích osobách
2665300	2669740	nějaký poplatek, ale abychom to mohli aplikovat vlastně v rámci
2669740	2673160	té změny, v rámci plánovacích smluv, tak v tu danou chvíli potřebujeme
2673160	2677140	k tomu otevřít ty dveře a stavit ta pravidla a toto bude probíhat v rámci
2677140	2681100	těch jednání, v rámci těch jako jednání těch individuálních případů,
2681580	2685960	kdy se to bude týkat zejména opravdu změny na stavební parcely,
2686860	2691180	kdy, když to řeknu, pokud někomu zhodnocujeme pozemek,
2691260	2694320	tak v tu danou chvíli si budeme řešit jako, když to řeknu, okolik
2694320	2699400	a budeme se bavit o nějakém příspěvku i v té dané době.
2700520	2703440	Je to nastavené tak, aby právě ten ceník tam nebyl,
2703440	2705760	protože tím, že to pravidla schvále zastupitelstvo,
2705820	2710620	tak v tu danou chvíli bychom například museli ty pravidla měnit každý rok,
2710740	2712300	kdyby to tam bylo předloženo.
2712760	2717080	Každopádně samozřejmě bude nastaven pak ten ceník interně,
2717420	2719500	nějak něčím s toho schvále, jenom rada,
2719500	2725900	a abychom měli transparentní ceny pro všechny a aby to nebylo,
2726000	2729000	že se sejdem u stolu a bude to nějaký handl, ale bude to opravdu
2729000	2732940	transparentně nastavené, ale nechtěli jsme to dávat sem,
2733120	2737780	proto aby to nemuselo, když to dám si ty aktualizace těch ceníkových cen,
2737780	2740960	říkem úzovkách toho ceníku, schovat po každé zastupitelstvo,
2741060	2743640	protože může tam být víc do vlivu a může se stát,
2743740	2748080	že bude třeba nutné reagovat operativně, takže proto je to takto nastavené,
2748080	2753860	že jsou pravidla tak, jak je máte předloženy a vedle toho bude v těch případech
2753860	2758700	vlastně řešeno, řešený, řešen doplněno vlastně tím transparentním
2758700	2760640	stejným cedníkem pro všechny.
2762280	2762800	Poprosím.
2762920	2766980	Možná to čtu špatně, ale jenom jsem se nedočetla, že bude nějaký oficiální cedník
2766980	2771100	schválený radou města Zlína tady. Tak to jenom jakože...
2771100	2776480	Je to o tom, že v těch pravidlech my tu možnost otvíráme a my se k tomu
2776480	2778200	bude dopátrávat, řekněme, že
2778200	2779980	v současné době je to něco nového,
2780260	2782180	my v současné chvíze jména řešíme
2782180	2784300	opravdu ta pravidla pro developery, což je ten
2784300	2786240	následující bod
2786240	2788240	pro ty investory, ale my
2788240	2790280	vlastně v tom následujícím bodě se bavíme také,
2790840	2792160	prostě je tam více do možností,
2792260	2793160	jak nějaké ty finance
2793160	2796340	získat pro město Zlín, respektive
2796340	2798380	pro ten veřejný prostor v rámci města Zlína,
2799080	2800360	takže my si tu možnost
2800360	2802540	tímto otvíráme a
2802540	2804260	uvidíme, když to my
2804260	2809620	Uvidíme vůbec, co se bude dít v rámci těch změn, protože samozřejmě v současných, jak říkáme,
2809700	2819660	teďka uzavíráme zadání změny číslo 7, kdy tím, že ti žadatelé to předkládali v době,
2819760	2824560	kdy tato pravidla nebyla schválena, tak já za sebe neočekávám, že teďka za nimi dojdeme
2824560	2831620	jako s novou myšlenkou, že to změníme. Takže ten vzhledem k tomu,
2831620	2835740	že další změna územního plánu, pokud schválíme tu změnu číslo 7,
2836300	2841160	tak proběhne s největší pravděpodobností až tak za nějakých 4-5 let,
2841400	2844560	tak v tu danou chvíli teďka zřešit jakýkoliv ceník,
2844620	2846300	jak to je vlastně pro nás bezpředmětné.
2846840	2849700	A je se spíš otázka, je to nějakých diskuzí, abychom i věděli,
2849700	2852120	jak se k tomu dostaví, jaké ty možnosti jsou.
2856560	2859000	Jsou nějaké další dotazy k tomu materiál číslo 10?
2859000	2864280	Kdo další se do diskuze nehlásí, takže prosím, pojďme hlasovat materiál číslo 10.
2875240	2878280	Pro 27, materiál číslo 10 byl přijat.
2879020	2881980	Materiál číslo 11 jsou pravidla pro spolupráci s investory.
2883420	2885360	Je to přesně ten materiál, který jsme se tu bavili,
2885360	2887160	myslím si, že na konci
2887160	2888280	loňského kalendářního roku.
2889320	2891300	Já jsem vám říkal, že to budeme schvalovat
2891300	2892520	hned na začátku roku,
2893180	2894880	posledně jsme se o jedno zastupitelstvo dál.
2895740	2897880	Aplikace těch pravidel má být od prvního čtvrtý.
2898700	2899760	Proběhl jí seminář
2899760	2901680	s podnikateli, aby o tom věděli.
2902220	2903120	Prakticky můžu říct,
2903180	2905400	že tam nebyl nějaká
2905400	2906980	zásadní negace, tam neproběhla.
2907840	2909140	Takže neočekávám,
2909140	2911260	že by se z toho mělo stát nějaké politické téma,
2911380	2913140	tak jak se z toho stalo například v Olomouci,
2913140	2917800	protože v Olomouci ty ceny, které tam nastavili, byly opravdu úplně jinde, než máme my.
2918400	2922620	Takže v tu danou chvíli si myslím, že jsme k tomu přistoupili velice racionálně,
2923080	2926980	což potvrdují i ty reakce od potenciálních investorů.
2927740	2932840	Zároveň bych z tohoto místa chtěl pochválit velice dobrou práci našeho právního oddělení,
2933000	2937620	protože je to vlastně jejich práce, tady ta pravidla,
2937620	2943200	kdy jiné města si na to brávali externí agenturu.
2944020	2948440	Díky tomu jsme ušetřili, tady náš právní odbor ušetřil několik milionů korun,
2948680	2952160	tím, že jsme to zvládli tady vlastně sami, takže za to bych chtěl moc krát poděkovat.
2953260	2954600	A poprosím pana Vančuru.
2956540	2963480	Děkuji, děkuji, pane primátore. Já jsem doufal, že v tomto případě pochválíte i opozici.
2963480	2966780	Já se omlouvám,
2967000	2968320	chtěl bych poděkovat všem, kteří se tam
2968320	2970800	podíleli, samozřejmě
2970800	2972920	i opozici, kteří se nám říkali,
2973020	2974680	abychom něco takového udělali,
2974760	2977420	ať už na finančním výboru, nebo na zastupitelstvu.
2977920	2979200	Já jsem vám říkal, že na to myslíme,
2979260	2980720	že se už něco připravujeme, tak
2980720	2982920	myslím si, že je dobře,
2983000	2984620	že to prošlo a že to tady máme
2984620	2986760	a že to je čtyřek nůle napříč
2986760	2989220	politickým spektrem právě přijímáno,
2989280	2991120	že to je věc, která tady má být
2991120	2996120	a samozřejmě může městu přinést, ať už případně finanční prostředky,
2996220	3001180	anebo zejména to, aby se stavilo v jednotlivých lokalitách tak,
3001260	3003380	jak bychom si z pozice města zdí na a přáli.
3004360	3005360	Poprosím pana Vráše.
3007660	3010560	Dobrý den, dámy a pánové. Děkuju za slovo, pane primátore.
3011080	3012900	Já si taky myslím, že to je velký počin.
3013420	3017600	Snad nám budoucnost ukáže, jak velký to vlastně počin byl.
3018520	3020000	Já se jenom chci zepsat na jednu věc.
3020000	3025620	Děkuju za ty pravidla, také souhlasím s tím, že jsou v zásadě perfektně zarozumitelné.
3026080	3030260	Jedinou věc, kterou já tam mám, je, a to bych si chtěl upřesnit,
3030300	3033400	jestli jsem to pochopil správně nebo jestli jsem tomu neporozuměl,
3034120	3038480	tak my tam máme stanoveno, že to finanční plnění, které případně má nastat,
3038700	3042500	se odvíjí od dvou základních indikátorů, respektive parametrů.
3042500	3047140	Je to hrubá podlažní plocha realizované stavby nebo využitelná plocha?
3047140	3052140	A mě by zajímalo, jak budeme rozhodovat, od čeho se to bude odvíjet.
3052780	3056700	Protože samozřejmě ty indikátory nejsou stejné.
3057180	3061700	Hrubá podlažní plocha jenom pro představu, kolik pater, tolik ploch.
3062500	3066580	A využitelná plocha je spíše jako prostorový rozsah zástavby plošně,
3066860	3067920	ne jako ve 2D.
3070500	3073140	Bude se to odvíjet zajímavé od typu té stavby.
3073820	3076080	Protože samozřejmě, když bude dostavět byty,
3076260	3078320	tak je to něco jiného, jako když bude stavět,
3078420	3079560	vymyslím si, sklady.
3079960	3083360	To je vlastně ten důvod, proč tam máme obě dvě ty varianty
3083360	3087360	a v rámci těch jednání, které pak musí proběhnout
3087360	3091060	s těmi investory, tak v rámci toho, kdy nám představí ten projekt,
3091200	3094800	tak na základě toho se bude, když řeknu, to vedení města
3094800	3100700	domluvat s nimi, ke kterému parametr se využije.
3103140	3110540	Nikdo další se do diskuze nehlásí, takže prosím, pojďme hlasovat materiál číslo jedenáct.
3121940	3130800	Pro 31 materiál číslo jedenáct byl přijat. Materiál číslo dvanáct jsou pravidla pro řešení vlastnických a užívacích vztahů
3130800	3132060	pozemním komunikacím.
3133220	3134560	Je to stále otevřeně materiál,
3134700	3136120	který, jak jsem říkal,
3136800	3138180	upravujeme ta pravidla,
3138360	3139600	abychom více dosáhli toho,
3139720	3142620	abychom měli ty komunikace tak, jak bychom si přáli
3142620	3144480	a zároveň, abychom dosáhli
3144480	3145900	na více,
3145920	3148640	řekněme, těch investorů,
3148800	3151300	kteří by s námi uzavřeli pak tu plánovací smlouvu,
3151300	3152840	týkající se právě těch pravidel,
3152900	3154900	co jsme schválili v hodě číslo 11.
3155920	3156900	Jsou k tomu nějaké dotazy?
3158640	3160340	Další dotazy žádné dotazy nejsou,
3160340	3162300	takže prosím, podhlasem materiál číslo 12.
3173480	3176560	Pro 30, materiál číslo 12 byl přijat.
3177000	3180340	Materiál číslo 13 je schvální záměru budoucího způsobu provozování
3181040	3183860	budoucího objektu velkého kina.
3184480	3189120	Ta logika, proč ho tady máme, je to, že chceme opravdu veřejně deklarovat
3189120	3194940	a závazně deklarovat zastupitelstvem budoucí způsob provozování,
3195020	3201820	nikoliv seďka náplněl obecně ten způsob, tak, abychom mohli odpočítat DPH
3201820	3205140	v rámci té stavby. Je to víc mě to stejné, co to bylo historicky
3205140	3209140	při stavbě kongresového centra, to znamená, ten systém bude,
3209700	3216140	jenom potvrzujeme ten systém budoucího užívání, abychom všem deklarovali
3216140	3221180	a veřejně deklarovali, že opravdu počítáme s tím, že tento objekt do budoucna
3221180	3226800	bude provozován tak, aby bylo možné odpočítat po stavbě DPH.
3227480	3231480	A poprosím po případu upřesnění náměstka Mirka Chalánka.
3232760	3235500	Děkuji, pane primátore. Já jenom doplním pana primátora.
3236060	3239540	My jsme to dali do toho zastupitelstva právě proto, aby bylo jasné,
3239540	3247320	že co se musí splnit, aby jsme mohli odpočítat DPH v plné výši u velkého kina,
3247460	3253760	protože je to výrazná investice a tak, aby jsme se dostali na 100% odpočet.
3253880	3257200	V zastupitelstvu je to proto, protože ty podmínky musí platit 10 let.
3257880	3265100	Je to závazek na 10 let, že takhle budeme užívat. V případě, že dejme tomu po určité době,
3265100	3269660	v těch deseti letech je to poměrně jedno, kdy čím dřív by nastaly
3269660	3273340	nějaké osvobozené nájmy, tak samozřejmě musí dojít ke korekci
3273340	3277980	jako odpočtu. Takže počítáme s tím, že chceme odpočítat,
3278360	3282360	z toho vychází jako způsob, jak budeme užívat a je to platnost
3282360	3285820	na deset let nebo závazek na deset let, aby to takhle platilo.
3287880	3291340	Dobrý, měska děkuji za to upřesnění, otvírám diskuzi k tomuto bodu.
3291340	3296540	Někdo se do diskuse nehlásí, takže prosím pojďme hosvat materiál číslo 13.
3307980	3311240	Pro 24, materiál číslo 13 byl přijat.
3311240	3316820	Materiál číslo 14 týkající se pozemků s společností Koma Modular.
3318120	3322680	Máme tam změnu z toho důvodu, že při předávání pozemků
3322680	3326620	jsme ani my sami nevěděli o některých sítích, které vedou přes tento pozemek
3326620	3331520	a po zjištění tohoto budoucího investora, ohledně těch sítí, které tam jsou,
3331620	3336640	tak musel přeprojektovávat svůj investorský záměr,
3336640	3340640	takže tím pádem se dostal do nějakých časových skluzů,
3340640	3347740	které nebyly zejména ani tak z jeho strany, ale z důvodu toho, že z pozice majitele pozemku
3347740	3353180	jsme neposkytli přesné informace skrze sítě, které vedou přes tento pozemek.
3353820	3362220	Proto tady máme a ještě řeknu další doplněk, nebo respektive vypořádání se s tímto stavem
3362220	3367800	a jinak všechno by mělo pokračovat tak, jak mají v harmonogramu,
3367800	3373640	to znamená, ten to nové kulturně společenské centrum, pokud nebude nějaký problém
3373640	3379800	s povlovacím procesem, by mělo být otevřeno na přelomu podzimu zimy
3379800	3383680	příštího kalendářního roku. Jsou k tomu dotazy?
3385880	3389760	Nikdo se do diskuze nehlásí, takže prosím, pojďme hlasovat materiál číslo 14.
3397800	3404600	Pro 26, materiál číslo 14 byl přijat.
3405140	3412380	Materiál číslo 15, pýkající se opět majetko právních úkonů a pozemků, jsou k tomu dotazy.
3415240	3418580	Nikdo se do diskuze nehlásí, tak prosím pojďme hlasovat materiál číslo 15.
3427800	3433940	Pro 28, materiál číslo 15 byl přijat.
3434580	3443520	Materiál číslo 16 je prodej budovy včetně pozemků ve východní části areálu svitu z Línskému kraji.
3444080	3448620	1.23. budovu, kde v současné době sídlí technické a inovační centrum.
3449460	3454680	Tuto budovu město Zlín nabilo nákupem od soukromé společnosti historicky,
3454680	3461320	vzhledem k tomu, že kraj plánuje své rozvojové aktivity právě v té východní části areálu,
3461960	3467380	tak kde chce scelit právě i ty nemovitosti, tak vlastně proto jsme dostali v rámci toho
3467380	3474660	i požadavek na odkup 23. budovy a vzhledem k tomu, že za sebe já říkám,
3474800	3479680	že budu jedně rád, pokud ty investice Zdinského kraje v té východní části areálu budou,
3479680	3484180	to znamená, že Zdinský kraje bude investovat na území města Zdína do rozvoje,
3484680	3488520	tak nevidím problému, protože bychom mu ten objekt nemohli prodat
3488520	3491540	a tím mu umožnit právě tady ty jeho plánované investice.
3492400	3493340	Jsou k tomu nějaké dotazy?
3495340	3499260	Nikdo se do diskuze nehlásí, takže prosím pojďme hlasovat materiál číslo 16.
3510260	3513720	Pro 30 materiál číslo 16 byl přijat.
3514560	3517640	Materiál číslo 17 týkající se dalších pozemků,
3517820	3524580	konkrétně pozemků, které jsme tu diskutovali na některé z předchozích zastupitelstv,
3524580	3529980	v mezidobí proběhla jednání jak se zástupci školy, tak se zástupci školské rady,
3531000	3537460	tak vlastně s zájemcem dostalo se k výslednému řešení, které dneska je předložené
3537460	3544300	a bylo přijat to a schváleno s všemi stranami zúčastněnými v té dané diskuzi.
3544900	3546760	Poprosím paní Francovou.
3547840	3551420	Já za ten materiál děkuji, mně to přijde hodně smysluplné
3551420	3555300	a jsem ráda, že tam došlo k nějakému souladu s tím,
3555400	3556780	že se to odkloní od té školy.
3558240	3561400	Chápu, že asi nešlo zabránit investorovi,
3561480	3564080	mě trošku vadí asi ta výška, která tam vznikne,
3564480	3565380	jenom se chci zeptat.
3565900	3570940	Chválím i to, že zatím teda vznikne parkování pro školu, pro ten seniorklub a tak dále,
3570940	3575940	to asi je dobré a řešíme i to, jak bude mít vyřešené parkování ten současný,
3576880	3580420	nebo ten nový majit, nebo ten, co to bude stavět, nechci to tady jmenovat.
3581580	3583880	Bude mít podzemní parkoviště pod oběktem.
3584040	3585720	Bude do toho podzemního parkoviště, jo?
3585780	3589320	Můžu nic jiného nezbývá, protože jinak ten oběkt nepovolí v rámci stavebního řízení.
3589380	3592340	No ale my tady nemáme potom pro něho přijezdovou cestu.
3592960	3596580	On kupuje jenom tu plochu a tu přijezdovou cestu tam bude přijíždět
3596580	3600500	po té cestě, která bude rozšířena a bude najíždět někde z boku.
3600620	3603920	Jako nevidíme tady ty obrázky, tak se jenom na to chci zeptat.
3603920	3607520	To se přiznám, že budeme řešit možná nejspíš s jezdem,
3607920	3611940	standardním s jezdem, ale kam prakticky to už teďka je otázka
3611940	3615900	toho projektování, protože on nám teďka ve výsledku, pokud dostane vlastně vůbec
3615900	3619500	vztah k tomu pozemku, který pokud dneska schválíme,
3619500	3627240	tak znova musí doprojektovat vůbec ten objekt a zjistit si, kde ta případná rampa vlastně bude,
3627520	3634300	v jakého rozměru, ale samozřejmě ten předpoklad je, že by měly být jako přímo kolmoz u ulice Kvítková,
3634880	3639400	aby to nezabránilo se těm dispozicím, které tam má škola.
3641560	3646180	Protože vlastně on tam měl ten kousek, který nám zase zpátky vrací, co jsme moc prodávali,
3646180	3650360	Jestli to chápu, dobře. Na ten sjezd se mu tam prodával kousek té cesty a on nám to teď.
3652000	3655500	Ale nevadí, dobře. Já jenom, jako jsem ráda, že to řeší tím spotkem.
3655780	3660740	Já ještě tak poprosím vedoucího odboru majetku, paní Evou Sákovou, jestli nám řekne k mě,
3660980	3664300	ona u těch průmčech, že jednání byla, tak jestli nám řekne přesnější informace.
3666240	3673500	Dobrý den, my jsme chtěli, aby přijest byl právě přímo z ulice Kvítková, nicméně fakt to nešlo.
3673500	3677860	Takže ten příjezd k té nové polifunkční budově bude z té ulice Lešitín 3,
3678460	3684580	ale je to tak, že tam, to znamená, ti lidé budou muset vět za ten plot?
3686220	3686960	Ano, ano.
3688420	3693520	Ano, ano. Nešlo to opravdu jinak vyřešit, nicméně tak, jak je to teď,
3693580	3695700	tak si myslím, že je to opravdu optimální řešení.
3698120	3698920	Děkuju.
3698920	3702660	Děkuju za to doplnění. Neměla jsem aktuální informace.
3703500	3707300	Tak děkuju moc krát. Tak někdo další do diskuze k tomuto bodu?
3709100	3712900	Někdo další se do diskuze nehlásí, takže prosím, pojďme hlasovat materiál číslo 17.
3724600	3730600	Pro 26, materiál číslo 17 byl přijat. Materiál číslo 18 týkající se pozemků
3730600	3733940	smlouvy o bezúplatném převodu. Jsou k tomu dotazy.
3736360	3739840	Do diskuze se nído nehlásí, takže prosím, pojďme hlasovat materiál číslo 18.
3751060	3754500	Pro 27, materiál číslo 18 byl přijat.
3754500	3759360	Materiál číslo 19, týkající se smlouvy o nájmu z plňárenského zařízení.
3760600	3761340	k tomu dotazy.
3763960	3765100	Poprosím, pane Juráše.
3767640	3769340	Omlouvám se. Děkuji, pane primátore.
3770080	3771360	Já bych jenom poprosil,
3771760	3773440	jestli bychom k tomu mohli dostat nějaký
3773440	3774940	zevrobnější komentář.
3775680	3777500	Ono to totiž není jenom o pronájmu,
3777660	3779880	ale i pro případ, že by se to
3779880	3781320	plánovalo zcizit,
3781840	3783440	tak se tam ojednávají
3783440	3785100	budoucí práva tomu gasnetu
3785100	3787520	nabít to do svého vlastnictví.
3788820	3790100	Nemám ty informace,
3790100	3793920	které by říkali, proč rovnakasnetu, proč ne někomu jinému,
3794660	3799240	jako asi to sami nebudeme provozovat, nevím, a teďka nechci vůbec spekulovat,
3799380	3805980	tak to jenom tak jako vypustím, jestli když to vlastně dáváme takto do užívání,
3806120	3809900	jestli to dáváme i do zprávy, jestli to mají sami opravovat, zprávovat,
3810320	3814580	jestli nám to zase nebrání čerpat na to dotace, čili tohle se mi hodní hlavu
3814580	3816220	a to jsem nevyčetl v tom materiálu.
3816220	3846200	Děkuji za ten dotaz, já poprosím paní Husákovou o...
3846900	3851940	Takže na tu vaši otázku, přiznám se, mně vůbec nenapadlo se zabývat tím,
3851940	3854820	nebo nikoho z nás, že bychom to dali do nájmu někoho jiného.
3854920	3859720	V každém případě to je dlouholetý vztah a teď jenom to narovnáváme
3859720	3862900	a ta smlouva má prostě jako nové aktuální podmínky.
3863300	3871700	A fakticky se teda nic nemění na provozu toho zařízení jako takového.
3871700	3873200	pouze teď
3873200	3875140	ta smlouva je
3875140	3877460	konkrétnější v tom,
3877840	3879660	co to je, kde přesně to leží
3879660	3881560	a za jakých podmínek se to bude provozovat.
3887060	3887620	Prá, děkuji.
3887680	3888880	Poprosím ještě panu Vybráše.
3889460	3891720	Moc děkuji, paní Husáková. A jenom se chci zeptat,
3891820	3893200	když tam načítám
3893200	3895560	to, že Gasnetu
3895560	3897340	mám jako prvnímu nabídnout
3897340	3899080	ke koupy, tak já s ním ujednávám
3899080	3900100	předkupní právo.
3901700	3907280	V materiálu je napsáno, pro případ, že se statutární město rozhodne prodat
3907280	3911200	nebo jiným způsobem převest vlastnictví k pronajatému plinárenskému zařízení,
3911640	3914580	pak jej nabídne jako první ke koupy společnosti Kastnet,
3914940	3919140	přičemž tato nabídka musí být učiněna písemně a prokazatelným způsobem Kastnet doručena.
3919580	3921440	Tak se chci zeptat, co s nimi ujednáváme.
3921820	3927120	Ono to má samozřejmě konsekvence, kdyby to bylo jenom nějaká nabídková povinnost, chápu, ale...
3927120	3931540	Jak říkám, nás vůbec nenapadlo, že by byla varianta jednat o tom
3931540	3934900	s někým jiným, protože máme za to, že hlavním distributorem plynu
3934900	3938940	nebo vlastníkem té distribuční sítě je Gaznet,
3940140	3943200	takže jsme to s touhle podmínkou neměli vůbec žádný problém,
3943280	3947660	že pokud bychom to opravdu chtěli prodat, takže jim to nabídneme jako prvnímu.
3947660	3952920	Zatím je pro nás výhodné tamto zařízení mít a nechat si za to platit nájem.
3957120	3966740	Dobrá, děkuji za to vysvětlení, nikdo další se diskuze nehlásí, takže pojďme prostě nosat tento materiál.
3978600	3982180	Pro 24, materiál číslo 19 byl přijat.
3982180	3988520	Materiál číslo 20 týkající se investičních dotací z rozpočtu města Zdíná na technické zhodnocení Sportovišť,
3988580	3994380	které jsou ve zprávě společnosti STEZA. Poprosím Pavla Simkoviče, když se hlásí do diskuze.
3996460	4000420	Dobré dopoledne všem přeji. Jenom maličký dotaz pro upřesnění.
4000580	4008620	Předpokladám, že ty investiční dotace pro STEZU na Mlacovou, na Vršavu, na tenisové kurty,
4008620	4012120	Je to na majitek, který už vlastníme, to znamená teď nám předali sportovní kluby předtím,
4012180	4015120	netýká se to toho, co jsme řešili na předcházejícím zastupitelstvu. Děkuji.
4015560	4020640	Ne, je to opravdu na to, co vlastně máme nabito, není to to, co jsme řešili minulé zastupitelstvo.
4022140	4024000	Poprosím náměstkyně Janu Bazelovou.
4025520	4030020	Dobré dopoledne, dámy a pánové, já jenom chci nahlásit třet zájmu, jako vždy.
4032160	4033000	Dobrá, děkuji.
4034000	4037780	Někdo další se do diskuze nehlásí, takže prosím pojďme hlasovat materiál číslo 20.
4049720	4053220	Pro 31 materiál číslo 20 byl přijat.
4054000	4058020	Materiál číslo 20 byl přijat.
4058020	4065480	Materiál číslo 21 jsou dotace na 250 tisíc ze sociálního fondu z programu A a B na rok vejce 26.
4065720	4067680	Jsou k tomu dotazy, případně střety zájmu.
4070800	4074580	Nikdo se v diskuze nehlásí, takže prosím pojďme hlasovat materiál číslo 21.
4074580	4090200	Pro 31, materiál číslo 21 byl přijat.
4090900	4094460	Materiál číslo 22 jsou dotace z Fondu mládež a tělovýchovy
4094460	4100500	na programu činnost a provoz sportovních organizací v roce 2026,
4100500	4104500	tím, že jsou to vlastně dotace nad 250 tisíc.
4104580	4108900	A hlásím vstřed zájmu a otvírám diskuzi k tomuto bodu.
4111320	4115340	Nikdo se do diskuze nehlásí, takže prosím, pojďme hlasovat materiál číslo 22.
4126860	4130280	Pro 28, materiál číslo 22 byl přijat.
4130980	4134640	Materiál číslo 23 jsou dotace z fondů zdraví pro 2026.
4135380	4137180	Jsou k tomu dotazy nebo střety zájmů?
4139420	4143920	Nikdo se do diskuze nehlásí, takže prosím pojďme hlasovat materiál číslo 23.
4155260	4159160	Pro 31 materiál číslo 23 byl přijat.
4159820	4163780	Materiál číslo 24 je změna ve jmenovitém složení komise.
4164180	4165360	Jsou k tomu nějaké dotazy?
4168020	4171760	Nikdo se do diskuze nehlásí, tak prosím pojďme napřed hlasovat o tom,
4171860	4175220	že budeme hlasovat aklamací, protože se tento materiál týká personálí.
4175220	4191500	Pro 31 a teďka, prosím, pojďme tedy hlasovat samotný bod 24.
4191500	4206900	Pro 27, materiál číslo 24 byl přijat.
4207580	4215400	Tímto jsme vyčerpali veškeré body, které byly na větším zastupitelstvu předkládány k hlasování.
4215400	4219700	Dále máte předložené informačních, pět informačních materiálů
4219700	4226220	a tímto otvírám diskuzi dnešního zasevně zastupitelstva.
4227140	4230340	Dnes jenom máte nějaké dotazy nebo příspěvky. Poprosím pana Mitáčka.
4232820	4235320	Děkuju, pane primátor, za slovo. Dobrý den, kolegyně a kolegové.
4235320	4240660	Já se vrátím zpátky k tomu memorandu a dohodě o spolupráci s tým krivým rihem.
4241720	4245300	Chtěl bych moc poděkovat, že oproti standardům, které máme s jinými městy,
4245420	4248840	to znamená oblast akademická, kulturní, sportovní a podobná,
4248840	4253360	A jsme se konečně taky zamysleli nad tím, že by jsme mohli vytěžit naše partnerské města
4253360	4258380	také v tématech, které známe pouze teoreticky, nebo jsou nám zatím vzdálené.
4258900	4260360	Za to bych chtěl osobně moc poděkovat.
4261480	4265740	A pravděpodobně tam byl i vliv pana Kladníčka, takže za to taky díky.
4266300	4268160	Nicméně k tomu ještě douška.
4269760	4275120	Jestli by bylo možné nahlédnout potom do té podoby té spolupráce klidně neveřejně,
4275540	4277000	jenom co je obsahem. Děkuji moc.
4278840	4285840	Co se týká obsahů, tak vlastně my jsme, obsah memoranda máte více překopírovaný do té důvodové zprávy.
4286120	4293300	Tam jenom nic navíc není. Samozřejmě až v rámci těch jednání se uvidí, co všechno se otevře.
4293820	4299640	Každopádně například jeden z těch tématů, který seře měsící nás zajímá, zajímá i pana ředitele městské policie,
4299640	4305360	pana Kladníčka, například systém informování obyvatel, protože my tu historicky máme systém VYSO.
4305360	4313940	A samozřejmě, když se to vezmu, je trošku zarážející, že v době, která v současné době kolem nás je,
4314440	4321480	tak například ministerstvo obrany nevypisuje dotační titul na obnovu tohoto výstražení informačního systému ochrany obyvatel.
4322140	4330540	Takže samozřejmě i nám některé ty vysílače dochází, takže snažíme se řešit obnovu,
4330540	4336540	ale samozřejmě tím, že my jsme historicky se snažili opravdu to mít zabezpečeno velice dobře,
4337460	4343620	tak v našem městě je oproti srovnatelným městům dvojnásobek těchto vysílačů.
4343840	4348480	Takže my samozřejmě v tu danou chvíli ta cenová náročnost na obnovu je mnohem vyšší než jinde.
4349100	4353160	Bavíme se v řádu jako 10 milionů, 10 milionech korun.
4353460	4356920	Kdybychom to chtěli teďka celé překlopit na nové, na digitální,
4356920	4361100	tak se bavíte zhruba v částce odhadu kolem 50 milionů a více.
4361680	4365500	Takže samozřejmě, což pro nás není úplně malá částka.
4366120	4371780	A historicky se vypisovaly dotační tituly na obnovu těchto hlásičů
4371780	4376920	pouze v povodňových oblastech a bylo to vypisováno z jiného ministerstva,
4377980	4379280	které se za životního prostředí.
4379780	4382560	Takže my budeme jednat ještě i o tom změstním obrany,
4382560	4388400	jestli by se nevypsal tento dotáčnictvou na celkový systém informování občanů,
4389100	4393080	protože jinak uvidím, jak ho bude muset zajišťovat,
4393160	4394160	prostě dohledat ty cesty.
4394760	4397220	V čem nám může například právě pomození tato zkušenost je,
4397520	4400820	jakým způsobem tohle mají vyřešené právě na Ukrajině,
4400920	4404500	protože samozřejmě ten informační systém Vysok,
4404580	4407820	který máme v současné době, není závislí na internetu,
4407880	4410540	není závislí na těchto sítích, je prostě radiový.
4410540	4415200	předpokládáme a bavili jsme se s nimi, jak to předběžně mají oni,
4415380	4419320	ale samozřejmě tam mají i další věci, které si velice rychle vyvinuli
4419320	4423600	a používají je. Takže to jsou před například ty věci,
4423600	4428520	které témata, které chceme s nimi otevřít a bavit se, získat ty zkušenosti
4428520	4431960	a můžu jenom říct, že zatím teda schůzky proběhly online,
4432080	4439120	protože když se podíváte na jich polohu, tak jsou relativně blízko té linie,
4439120	4444100	takže proto vlastně ani jejich zástupce, ani my tam jsme zatím jako by se nepotkali osobně.
4445000	4447880	Potkali jsme se ale online s tím, že ta schůzka, já můžu říct,
4448100	4455320	že zatím na základě těch jednání, která probíhají na příklad s jinými novými potenciálními spolupracujícími městy
4455320	4458720	a teďka neřeším tu úroveň, jestli to memorandum nebo partnerství,
4459280	4467360	tak opravdu tady jsme se potkali se zástupci, kde v rámci online z těch ze strany města Krvýrych
4467360	4474180	bylo asi 8, což je úplně abnormální počet proti všem těm ostatním jednáním,
4474640	4479100	ale zároveň to vícemé bylo, že každý tam měl to své odvětví,
4479200	4483840	jeden bezpečnost, druhý člověk zase tam přešel například tady tu kulturu sport,
4484000	4487660	takže dávalo to zase i v těch, je to předjednané, když se řeknu,
4487660	4492740	i mnohem důkladněji, než například to bývá běžné v jiných těch startovacích
4492740	4494700	startovacích vlastně
4494700	4496980	začávacích
4496980	4497820	jediných spoluprací.
4498760	4500820	Takže věřím tomu, že to bude přínosné a určitě, když
4500820	4502860	my tam nemáme co tajit, takže samozřejmě
4502860	4504120	pokud tam nějaké cokoliv
4504120	4506140	spolupráce bude probíhat, tak už vždyť
4506140	4507600	nemůžeme rád vědět.
4509100	4510520	Ještě poprosím pana Mitáčka.
4511680	4512840	Děkuju pana meditřenátova
4512840	4514360	za vaše slova, také děkuju za to,
4515080	4516700	že to tak vnímáte a popsal jste
4516700	4519000	taky věc, která moc často nezaznívá,
4519080	4520660	že město Zlín historicky
4520660	4524520	v České republice zaujímalo vždycky velmi přední místo a bylo
4524520	4528360	velmi příkladným vzorem pro ostatní právě v těchto systémech varování
4528360	4532100	a bezpečnosti. Děkuji, že máte taky zámysl v tom pokračovat.
4532180	4532520	Moc děkuji.
4534520	4539500	Moc krát děkuji a podnosím náměstka Vojtu Wolfa ještě o doplnění.
4540080	4542560	Děkuji, já jenom doplním pana primátora.
4543120	4546460	Ohledně toho dotazu na ministerstvo obrany máme už čerstvou odpověď,
4546460	4548460	kdy napsali, že to nespadá do jejich kompetence,
4548580	4550140	takže nám s tým výsem nepomůžou.
4552960	4554460	Což je poměrně zvláštní, že?
4555660	4556200	Ale tak
4556200	4558500	musíme se zeptat třeba zemědělství,
4558880	4560120	jestli to spadá do jejich kompetence.
4561040	4562920	Myslím si, že to spadá asi do informování
4562920	4564280	občanů, což je obrana
4564280	4565980	a bezpečnost, a tak
4565980	4568420	zkusíme případně tam, jestli to vnitra,
4568840	4570140	když to není o obraně
4570140	4571880	a uvidíme. Zkusíme.
4572440	4574280	Ano, panám, jestli už mi šeptá, že i na měst,
4574280	4575800	co jsme napsali, tak uvidíme.
4576460	4585360	pod jaké ministerstvo tedy spadá veřejný informační systém skrze bezpečnost,
4586000	4589760	tak uvidíme. Jak jsem řekl, na cásce třeba uspějme na zemědělství.
4591420	4593660	Poprosím Katku Francovou.
4595040	4602560	Jáno, tady ještě doznívá předevšlý dotaz. Jáno, takový dotaz hoši mě tady ujišťují,
4602560	4612120	že to taky je standardní, jenom v rozpočtovém opatření strana 611, tabulka 7,
4612260	4618540	ale vysvětlím, rychle nechci jmenovat, 60 tisíc neinvestiční transfer
4618540	4623160	fyzické osoby na pořádání akce, dětský karneval. Děláme to standardně,
4623300	4626180	že když v té místní části nějaká fyzická osoba něco organizuje,
4626180	4630300	že ji to převedeme, to jenom tak jako, mě to tak jako zaujalo,
4632240	4637360	jestli je to standardní postup, který v těch místních částech jako je.
4639220	4644380	Já se přiznám, že teďka fakt taky nevím, ale určitě si nevím o tom,
4645680	4650060	jenom poprosně ještě tu tabulku, to je vlastně ten informační,
4650060	4651600	jeden z informačních materiálů.
4652120	4654740	611 strana, tabulka číslo 7.
4656180	4662700	Určitě jsme na radě neschvalovali, že nějaký nestandardní stav, který by byl,
4662700	4671580	to bychom věděli. Takže já tady vlastně přes místní části.
4673600	4675760	Je to v kost? Ano.
4680940	4684020	Poprosím ještě náměstka pana Chalánka.
4686180	4692000	Komise standardně může přispět
4692000	4694000	fyzické osobě na organizaci, jestli to máme
4694000	4695860	v pravidlech. Jenom jsem se chtěla na toto zeptat.
4699800	4702040	Oni musí veškeré ty doklady
4702040	4703960	vyúčtovat zase na to, takže tam
4703960	4706400	není problém s tím.
4711680	4713940	Dobře. Moc káme děkuju.
4713940	4717660	a děkuji všem za podporu, že jsme se k tomu dobrali
4717660	4721280	k adekvátnímu odpovědi a poprosím pana Vančuru.
4723480	4725940	Děkuji, pane primátor. Já bych se možná ještě vrátil
4725940	4729960	k tomu bodu 11, proč jsme stále od toho,
4729960	4734320	aby takový dokument byl přijet a co si od něj slibujeme.
4735200	4738760	To první je, myslím, jasné z přehlednění té situace
4738760	4741740	mezi investorem a městem.
4741740	4766480	A ten druhý efekt, který v tom vidíme, tak ten dopadá samozřejmě na úředníky města. Domníváme se, že tím opatřením se lze výrazně snížit objem práce městských úředníků, že to, co se v minulosti řešilo, vždycky expo a velmi složitě a ne vždycky snadno,
4766480	4785420	takže se teď bude šance to projednat vlastně v rámci toho jednoho stavebního řízení a myslím si, že je to příklad toho, jak my vlastně rozhodujeme svými opatřením o tom, kolik práce a jaké vlastně našim úředníkům, našim úřadům vlastně připravujeme.
4785420	4795720	Takže ještě jednou, myslím, že je to dobrý dokument, který samozřejmě jistě dozná do budoucnosti ještě některých změn,
4795820	4803340	ale že je to příklad našeho rozhodnutí, nebo správného rozhodnutí.
4804360	4806820	Takže děkuju také všem, kteří se přičinili.
4809080	4814120	Moc krát děkuju, uvidíme, nám to ukáže ještě ta budoucnost, jakým způsobem to bude fungovat,
4814120	4817580	ale určitě to může mít více do pozitivních vlivů, tak jak říkáte,
4817640	4822480	že to nemusí být jenom o tom, že se v těch lokalitách bude stavit,
4822600	4826100	tak jak si to město přeje a občané, jak si to přeji, aby tam ty věci
4826100	4829920	vlastně měly k dispozici, které bychom očekávali, že v těch lokalitách
4829920	4835020	obzáště v těch větších budou automaticky, ale samozřejmě také to může mít
4835020	4838300	ten pozitivní vliv, jak říkáte, na to, že nebudeme muset zpětně řešit
4838300	4840400	ty problémy, které řešíváme
4840400	4842260	aktuálně. Takže myslím si, že
4842260	4843580	čas ukáže
4843580	4844980	a
4844980	4848360	věřím tomu, že nám to ukáže,
4848460	4850660	že to opravdu, že jsme se v tom nespletli, že nám to pomůže
4850660	4852360	v těch mnoha směry. Takže moc kář děkuju
4852360	4853560	také za tu spolupráci.
4856080	4858300	Někdo další se do diskuze nehlásí,
4858300	4860400	takže já bych vám chtěl moc kář poděkovat
4860400	4862280	za dnešní konstitucivní jednání zastupitelstva
4862280	4864240	a věřím tomu,
4864340	4866680	že se potkáme
4866680	4868100	v podobném duchu
4868100	4870140	na následujícím zastupitelstvu, chtěl by vás
4870140	4871940	tím tady pozvat všechny na velikonoční
4871940	4873720	armár, který vlastně se od zítřka
4873720	4875840	otvírá na Zlínském náměstí.
4876560	4877740	S tím, že má změněný termín,
4877860	4879640	prostě, protože dřív býval přes velikonoce,
4879780	4881820	tak stav je ten, že velikonoční
4881820	4883740	armár bude opravdu teďka na celý víkend
4883740	4885820	před velikonocemi, aby to mohlo být o tom,
4885880	4887580	že se to lidé mohou opravdu využít
4887580	4890060	i v sobotu, neděli. A nemusíte
4890060	4891400	se bát, přes velikonoce
4891400	4893860	budou vlastně probíhat
4893860	4895800	akce na tržišti pod Kaštany, takže
4895800	4897940	i přes velikoloční svátky ve zimě
4897940	4899800	bude kam zajít. Takže
4899800	4901640	moc krát děkuju všem, už jíte si zbytek dne
4901640	4903900	a kdybyste cokoliv potřebovali,
4903980	4906260	tak se na mě kdykoliv obraťte. Děkuju, mějte se hezky.
